{"cm": [[5.0, 0.0, 0.0, 0.0, 1.0], [10.0, 0.0, 3.0, 2.0, 2.0], [11.0, 0.0, 15.0, 10.0, 28.0], [2.0, 0.0, 19.0, 8.0, 67.0], [0.0, 0.0, 20.0, 36.0, 1173.0]], "acc": 0.8505665722379604, "max_dev": 0.10000000149011612, "mean_dev": 0.02679271623492241}