{"cm": [[3.0, 0.0, 2.0, 0.0, 1.0], [7.0, 0.0, 6.0, 1.0, 3.0], [6.0, 0.0, 25.0, 9.0, 24.0], [1.0, 0.0, 25.0, 5.0, 65.0], [0.0, 0.0, 20.0, 73.0, 1136.0]], "acc": 0.8279036827195467, "max_dev": 0.5, "mean_dev": 0.13309843838214874}