{"cm": [[5.0, 0.0, 0.0, 0.0, 1.0], [10.0, 0.0, 1.0, 2.0, 4.0], [12.0, 0.0, 13.0, 9.0, 30.0], [3.0, 0.0, 19.0, 6.0, 68.0], [0.0, 0.0, 40.0, 35.0, 1154.0]], "acc": 0.8342776203966006, "max_dev": 0.20000000298023224, "mean_dev": 0.053522005677223206}