{"cm": [[4.0, 0.0, 1.0, 0.0, 1.0], [7.0, 0.0, 6.0, 1.0, 3.0], [6.0, 0.0, 28.0, 7.0, 23.0], [1.0, 0.0, 18.0, 8.0, 69.0], [0.0, 0.0, 7.0, 39.0, 1183.0]], "acc": 0.8661473087818697, "max_dev": 0.10000000149011612, "mean_dev": 0.026680851355195045}