{"cm": [[0.0, 0.0, 1.0, 0.0, 0.0], [0.0, 4.0, 4.0, 0.0, 2.0], [0.0, 4.0, 24.0, 5.0, 20.0], [0.0, 1.0, 14.0, 12.0, 40.0], [0.0, 2.0, 46.0, 65.0, 821.0]], "acc": 0.8084507042253521, "max_dev": 0.4000000059604645, "mean_dev": 0.10681004077196121}