{"cm": [[0.0, 0.0, 1.0, 0.0, 0.0], [2.0, 0.0, 6.0, 0.0, 2.0], [0.0, 0.0, 29.0, 0.0, 24.0], [0.0, 0.0, 12.0, 0.0, 55.0], [0.0, 0.0, 32.0, 1.0, 1001.0]], "acc": 0.8841201716738197, "max_dev": 0.30000001192092896, "mean_dev": 0.07994905114173889}