{"cm": [[0.0, 0.0, 1.0, 0.0, 0.0], [2.0, 0.0, 7.0, 0.0, 1.0], [0.0, 0.0, 41.0, 0.0, 12.0], [0.0, 0.0, 14.0, 0.0, 53.0], [0.0, 0.0, 100.0, 0.0, 557.0]], "acc": 0.7588832487309645, "max_dev": 0.5, "mean_dev": 0.13314294815063477}