{"cm": [[0.0, 0.0, 1.0, 0.0, 0.0], [3.0, 0.0, 6.0, 0.0, 1.0], [0.0, 0.0, 34.0, 0.0, 19.0], [1.0, 0.0, 15.0, 0.0, 51.0], [3.0, 0.0, 56.0, 0.0, 598.0]], "acc": 0.8020304568527918, "max_dev": 0.5, "mean_dev": 0.1332080215215683}