{"cm": [[0.0, 0.0, 1.0, 0.0, 0.0], [0.0, 0.0, 9.0, 0.0, 1.0], [0.0, 0.0, 42.0, 0.0, 11.0], [0.0, 0.0, 25.0, 0.0, 42.0], [0.0, 0.0, 80.0, 0.0, 577.0]], "acc": 0.7855329949238579, "max_dev": 0.10000000149011612, "mean_dev": 0.026644712314009666}