{"cm": [[3.0, 2.0, 0.0, 0.0, 1.0], [1.0, 5.0, 9.0, 0.0, 2.0], [1.0, 7.0, 32.0, 1.0, 23.0], [0.0, 1.0, 35.0, 0.0, 60.0], [0.0, 0.0, 47.0, 0.0, 1282.0]], "acc": 0.8743386243386243, "max_dev": 0.20000000298023224, "mean_dev": 0.05339454114437103}