{"cm": [[0.0, 0.0, 1.0, 0.0, 0.0], [2.0, 0.0, 6.0, 0.0, 2.0], [0.0, 0.0, 29.0, 0.0, 24.0], [0.0, 0.0, 13.0, 0.0, 54.0], [0.0, 0.0, 41.0, 1.0, 992.0]], "acc": 0.8763948497854077, "max_dev": 0.5, "mean_dev": 0.13286630809307098}