{"cm": [[0.0, 0.0, 1.0, 0.0, 0.0], [0.0, 4.0, 4.0, 1.0, 1.0], [0.0, 3.0, 25.0, 5.0, 20.0], [0.0, 1.0, 16.0, 9.0, 41.0], [0.0, 2.0, 36.0, 57.0, 839.0]], "acc": 0.8234741784037559, "max_dev": 0.30000001192092896, "mean_dev": 0.0801118016242981}