{"cm": [[0.0, 0.0, 1.0, 0.0, 0.0], [1.0, 0.0, 8.0, 0.0, 1.0], [0.0, 0.0, 42.0, 0.0, 11.0], [0.0, 0.0, 21.0, 0.0, 46.0], [0.0, 0.0, 93.0, 0.0, 564.0]], "acc": 0.7690355329949239, "max_dev": 0.30000001192092896, "mean_dev": 0.0798824280500412}