{"cm": [[3.0, 1.0, 1.0, 0.0, 1.0], [2.0, 2.0, 9.0, 3.0, 1.0], [1.0, 4.0, 33.0, 5.0, 21.0], [0.0, 0.0, 25.0, 13.0, 58.0], [0.0, 0.0, 18.0, 67.0, 1244.0]], "acc": 0.8564814814814815, "max_dev": 0.4000000059604645, "mean_dev": 0.1073836162686348}