{"cm": [[2.0, 0.0, 3.0, 0.0, 1.0], [2.0, 0.0, 13.0, 0.0, 2.0], [3.0, 0.0, 31.0, 0.0, 30.0], [0.0, 0.0, 23.0, 0.0, 74.0], [0.0, 0.0, 41.0, 0.0, 897.0]], "acc": 0.8288770053475936, "max_dev": 0.4000000059604645, "mean_dev": 0.10648684948682785}