{"cm": [[2.0, 0.0, 3.0, 0.0, 1.0], [2.0, 0.0, 13.0, 0.0, 2.0], [2.0, 0.0, 33.0, 0.0, 29.0], [0.0, 0.0, 22.0, 0.0, 75.0], [0.0, 0.0, 34.0, 0.0, 904.0]], "acc": 0.8368983957219251, "max_dev": 0.30000001192092896, "mean_dev": 0.0797952190041542}