{"cm": [[3.0, 1.0, 1.0, 0.0, 1.0], [2.0, 3.0, 8.0, 3.0, 1.0], [1.0, 6.0, 30.0, 6.0, 21.0], [0.0, 0.0, 26.0, 13.0, 57.0], [0.0, 1.0, 23.0, 75.0, 1230.0]], "acc": 0.8458994708994709, "max_dev": 0.5, "mean_dev": 0.13407593965530396}