{"cm": [[5.0, 0.0, 0.0, 0.0, 1.0], [10.0, 0.0, 0.0, 1.0, 6.0], [13.0, 0.0, 7.0, 7.0, 37.0], [4.0, 0.0, 17.0, 2.0, 73.0], [1.0, 0.0, 75.0, 40.0, 1113.0]], "acc": 0.7981586402266289, "max_dev": 0.5, "mean_dev": 0.1340421885251999}