{"cm": [[5.0, 0.0, 0.0, 0.0, 1.0], [10.0, 0.0, 2.0, 2.0, 3.0], [11.0, 0.0, 13.0, 6.0, 34.0], [3.0, 0.0, 19.0, 3.0, 71.0], [0.0, 0.0, 50.0, 44.0, 1135.0]], "acc": 0.8186968838526912, "max_dev": 0.30000001192092896, "mean_dev": 0.08037031441926956}