{"cm": [[3.0, 1.0, 1.0, 0.0, 1.0], [2.0, 3.0, 8.0, 3.0, 1.0], [1.0, 4.0, 35.0, 5.0, 19.0], [0.0, 0.0, 24.0, 16.0, 56.0], [0.0, 0.0, 16.0, 43.0, 1270.0]], "acc": 0.8776455026455027, "max_dev": 0.10000000149011612, "mean_dev": 0.026784531772136688}