{"cm": [[0.0, 0.0, 1.0, 0.0, 0.0], [2.0, 0.0, 7.0, 0.0, 1.0], [0.0, 0.0, 38.0, 0.0, 15.0], [1.0, 0.0, 21.0, 0.0, 45.0], [0.0, 0.0, 37.0, 0.0, 620.0]], "acc": 0.8350253807106599, "max_dev": 0.10000000149011612, "mean_dev": 0.02668447047472}