{"cm": [[0.0, 0.0, 0.0, 1.0, 0.0], [0.0, 2.0, 6.0, 0.0, 2.0], [2.0, 5.0, 12.0, 9.0, 25.0], [0.0, 1.0, 4.0, 8.0, 54.0], [1.0, 0.0, 12.0, 12.0, 909.0]], "acc": 0.8741784037558685, "max_dev": 0.20000000298023224, "mean_dev": 0.05369731783866882}