{"cm": [[0.0, 0.0, 1.0, 0.0, 0.0], [2.0, 0.0, 6.0, 0.0, 2.0], [0.0, 0.0, 35.0, 0.0, 18.0], [0.0, 0.0, 18.0, 0.0, 49.0], [0.0, 0.0, 59.0, 0.0, 975.0]], "acc": 0.8669527896995708, "max_dev": 0.5, "mean_dev": 0.1330856829881668}