{"cm": [[3.0, 0.0, 2.0, 0.0, 1.0], [7.0, 0.0, 7.0, 1.0, 2.0], [5.0, 0.0, 27.0, 10.0, 22.0], [1.0, 0.0, 21.0, 5.0, 69.0], [0.0, 0.0, 9.0, 51.0, 1169.0]], "acc": 0.8526912181303116, "max_dev": 0.20000000298023224, "mean_dev": 0.0533725805580616}