{"cm": [[0.0, 0.0, 1.0, 0.0, 0.0], [2.0, 0.0, 6.0, 0.0, 2.0], [0.0, 0.0, 29.0, 1.0, 23.0], [0.0, 0.0, 14.0, 0.0, 53.0], [0.0, 0.0, 21.0, 1.0, 1012.0]], "acc": 0.8935622317596567, "max_dev": 0.10000000149011612, "mean_dev": 0.026762522757053375}