{"cm": [[0.0, 0.0, 1.0, 0.0, 0.0], [0.0, 0.0, 9.0, 0.0, 1.0], [0.0, 0.0, 42.0, 0.0, 11.0], [0.0, 0.0, 20.0, 0.0, 47.0], [0.0, 0.0, 85.0, 0.0, 572.0]], "acc": 0.7791878172588832, "max_dev": 0.20000000298023224, "mean_dev": 0.05323189124464989}