{"cm": [[0.0, 0.0, 1.0, 0.0, 0.0], [0.0, 1.0, 8.0, 0.0, 1.0], [0.0, 6.0, 16.0, 8.0, 23.0], [0.0, 0.0, 5.0, 9.0, 53.0], [0.0, 1.0, 10.0, 8.0, 915.0]], "acc": 0.8835680751173709, "max_dev": 0.10000000149011612, "mean_dev": 0.02697647176682949}