{"which": 1, "duration": 10, "pad": false, "normalize": true, "n_classes": 5, "train_distr": {"0": 172, "1": 101, "2": 207, "3": 160, "4": 1027}, "val_distr": {"0": 40, "1": 25, "2": 55, "3": 40, "4": 279}, "thresholds": [20.0, 30.0, 51.0, 71.0], "mean": {"Unnamed: 0": 10160.403488372092, "engine_no": 50.76634026927785, "index": 10160.403488372092, "time_in_cycles": 107.65911872705018, "op_setting_1": -8.488372093023259e-06, "op_setting_2": 2.6254589963280296e-06, "sensor_2": 642.6883023255814, "sensor_3": 1590.619047123623, "sensor_4": 1409.0616376988987, "sensor_7": 553.3553157894736, "sensor_8": 2388.0966113831087, "sensor_9": 9066.089511627908, "sensor_11": 47.54520073439413, "sensor_12": 521.4061652386781, "sensor_13": 2388.0963733170133, "sensor_14": 8144.456391676867, "sensor_15": 8.442782031823745, "sensor_17": 393.2346389228886, "sensor_20": 38.813645654834765, "sensor_21": 23.288096028151774, "RUL": 106.65911872705018}, "std": {"Unnamed: 0": 5861.768911697885, "engine_no": 28.752517418820656, "index": 5861.768911697885, "time_in_cycles": 68.03351190665704, "op_setting_1": 0.0021900264760162523, "op_setting_2": 0.00029349156957968924, "sensor_2": 0.4991492674722107, "sensor_3": 6.11083226734923, "sensor_4": 8.980629008321285, "sensor_7": 0.8831569415438956, "sensor_8": 0.07091917141815199, "sensor_9": 22.4968402474973, "sensor_11": 0.26683906608594465, "sensor_12": 0.7356872302189549, "sensor_13": 0.07179651201424636, "sensor_14": 19.430733690896126, "sensor_15": 0.037400189913338606, "sensor_17": 1.546282812463101, "sensor_20": 0.18029719030253025, "sensor_21": 0.10826530046337758, "RUL": 68.03351190665704}}