{"cm": [[2.0, 0.0, 3.0, 0.0, 1.0], [2.0, 0.0, 13.0, 0.0, 2.0], [2.0, 0.0, 34.0, 0.0, 28.0], [0.0, 0.0, 21.0, 0.0, 76.0], [0.0, 0.0, 27.0, 0.0, 911.0]], "acc": 0.8440285204991087, "max_dev": 0.20000000298023224, "mean_dev": 0.05317161604762077}