{"cm": [[0.0, 0.0, 1.0, 0.0, 0.0], [2.0, 0.0, 7.0, 0.0, 1.0], [0.0, 0.0, 35.0, 0.0, 18.0], [2.0, 0.0, 14.0, 0.0, 51.0], [0.0, 0.0, 53.0, 0.0, 604.0]], "acc": 0.8109137055837563, "max_dev": 0.4000000059604645, "mean_dev": 0.10649916529655457}