{"cm": [[3.0, 1.0, 1.0, 1.0, 0.0], [2.0, 3.0, 8.0, 3.0, 1.0], [1.0, 5.0, 33.0, 4.0, 21.0], [0.0, 0.0, 25.0, 16.0, 55.0], [0.0, 0.0, 21.0, 56.0, 1252.0]], "acc": 0.8644179894179894, "max_dev": 0.30000001192092896, "mean_dev": 0.08046290278434753}