{"cm": [[3.0, 0.0, 2.0, 0.0, 1.0], [8.0, 0.0, 5.0, 1.0, 3.0], [5.0, 0.0, 27.0, 9.0, 23.0], [2.0, 0.0, 21.0, 5.0, 68.0], [0.0, 0.0, 9.0, 69.0, 1151.0]], "acc": 0.839943342776204, "max_dev": 0.30000001192092896, "mean_dev": 0.07996092736721039}