{"cm": [[0.0, 0.0, 1.0, 0.0, 0.0], [3.0, 0.0, 6.0, 0.0, 1.0], [0.0, 0.0, 38.0, 0.0, 15.0], [2.0, 0.0, 13.0, 0.0, 52.0], [0.0, 0.0, 54.0, 0.0, 603.0]], "acc": 0.8134517766497462, "max_dev": 0.30000001192092896, "mean_dev": 0.07988473027944565}