{"cm": [[0.0, 0.0, 0.0, 1.0, 0.0], [1.0, 1.0, 6.0, 0.0, 2.0], [3.0, 4.0, 10.0, 10.0, 26.0], [0.0, 1.0, 4.0, 9.0, 53.0], [0.0, 1.0, 15.0, 23.0, 895.0]], "acc": 0.8591549295774648, "max_dev": 0.30000001192092896, "mean_dev": 0.08071915805339813}