{"which": 3, "duration": 10, "pad": false, "normalize": true, "n_classes": 5, "train_distr": {"0": 240, "1": 80, "2": 240, "3": 161, "4": 1306}, "val_distr": {"0": 60, "1": 20, "2": 60, "3": 40, "4": 315}, "thresholds": [24.0, 37.0, 62.0, 86.0], "mean": {"Unnamed: 0": 12211.018139675502, "engine_no": 47.99098055023682, "index": 12211.018139675502, "time_in_cycles": 137.64229567671066, "op_setting_1": -2.3516073768013704e-05, "op_setting_2": 2.1717222614128795e-06, "sensor_2": 642.4495067016024, "sensor_3": 1588.0112329940541, "sensor_4": 1404.2994905774462, "sensor_6": 21.59509372165676, "sensor_7": 555.1648659679532, "sensor_8": 2388.070626826565, "sensor_9": 9064.141313614833, "sensor_10": 1.3012405522523434, "sensor_11": 47.41080217676105, "sensor_12": 523.068826967651, "sensor_13": 2388.0706792300716, "sensor_14": 8144.313440995667, "sensor_15": 8.395047107729518, "sensor_17": 392.5418220296281, "sensor_20": 38.99200997682153, "sensor_21": 23.394863146225937, "RUL": 136.64229567671066}, "std": {"Unnamed: 0": 7045.029886548874, "engine_no": 29.03153460962399, "index": 7045.029886548874, "time_in_cycles": 95.7081726066492, "op_setting_1": 0.0021951525313395497, "op_setting_2": 0.00029352433130801567, "sensor_2": 0.5215831217701831, "sensor_3": 6.808665283240956, "sensor_4": 9.812825854958906, "sensor_6": 0.018903123458270946, "sensor_7": 3.436414201540465, "sensor_8": 0.15698375820932553, "sensor_9": 19.94490134565181, "sensor_10": 0.0034939216091665532, "sensor_11": 0.30082088324569956, "sensor_12": 3.2549070414399806, "sensor_13": 0.15672708247583872, "sensor_14": 16.429708372152366, "sensor_15": 0.060445011664081796, "sensor_17": 1.7659011977834471, "sensor_20": 0.2472937344174249, "sensor_21": 0.14854960379740947, "RUL": 95.7081726066492}}