{"cm": [[3.0, 0.0, 2.0, 0.0, 1.0], [2.0, 0.0, 13.0, 0.0, 2.0], [3.0, 0.0, 33.0, 0.0, 28.0], [0.0, 0.0, 20.0, 0.0, 77.0], [0.0, 0.0, 43.0, 0.0, 895.0]], "acc": 0.8297682709447415, "max_dev": 0.5, "mean_dev": 0.13299167156219482}