{"cm": [[3.0, 1.0, 1.0, 0.0, 1.0], [2.0, 3.0, 8.0, 3.0, 1.0], [1.0, 3.0, 36.0, 5.0, 19.0], [0.0, 0.0, 25.0, 15.0, 56.0], [0.0, 0.0, 20.0, 48.0, 1261.0]], "acc": 0.8716931216931217, "max_dev": 0.20000000298023224, "mean_dev": 0.05367390066385269}