{"cm": [[0.0, 0.0, 1.0, 0.0, 0.0], [2.0, 0.0, 7.0, 0.0, 1.0], [0.0, 0.0, 34.0, 0.0, 19.0], [0.0, 0.0, 19.0, 0.0, 48.0], [0.0, 0.0, 46.0, 0.0, 988.0]], "acc": 0.8772532188841202, "max_dev": 0.30000001192092896, "mean_dev": 0.07988620549440384}