{"cm": [[0.0, 0.0, 1.0, 0.0, 0.0], [0.0, 3.0, 5.0, 0.0, 2.0], [0.0, 3.0, 24.0, 6.0, 20.0], [0.0, 2.0, 16.0, 7.0, 42.0], [0.0, 2.0, 48.0, 76.0, 808.0]], "acc": 0.7906103286384977, "max_dev": 0.5, "mean_dev": 0.13335375487804413}