{"cm": [[3.0, 2.0, 0.0, 0.0, 1.0], [1.0, 5.0, 7.0, 1.0, 3.0], [1.0, 7.0, 29.0, 1.0, 26.0], [0.0, 1.0, 32.0, 0.0, 63.0], [0.0, 0.0, 54.0, 1.0, 1274.0]], "acc": 0.8670634920634921, "max_dev": 0.4000000059604645, "mean_dev": 0.10694222897291183}