{"cm": [[3.0, 2.0, 0.0, 0.0, 1.0], [1.0, 6.0, 7.0, 0.0, 3.0], [0.0, 8.0, 31.0, 2.0, 23.0], [0.0, 1.0, 33.0, 0.0, 62.0], [0.0, 0.0, 51.0, 0.0, 1278.0]], "acc": 0.8716931216931217, "max_dev": 0.30000001192092896, "mean_dev": 0.07998929172754288}