{"cm": [[0.0, 0.0, 1.0, 0.0, 0.0], [0.0, 5.0, 3.0, 2.0, 0.0], [0.0, 3.0, 26.0, 8.0, 16.0], [0.0, 1.0, 12.0, 15.0, 39.0], [0.0, 1.0, 21.0, 27.0, 885.0]], "acc": 0.8741784037558685, "max_dev": 0.10000000149011612, "mean_dev": 0.026791216805577278}