{"cm": [[0.0, 0.0, 0.0, 1.0, 0.0], [1.0, 0.0, 6.0, 1.0, 2.0], [0.0, 7.0, 8.0, 11.0, 27.0], [0.0, 2.0, 4.0, 4.0, 57.0], [0.0, 2.0, 18.0, 37.0, 877.0]], "acc": 0.8347417840375587, "max_dev": 0.5, "mean_dev": 0.13453176617622375}