{"cm": [[0.0, 0.0, 1.0, 0.0, 0.0], [3.0, 0.0, 6.0, 0.0, 1.0], [0.0, 0.0, 38.0, 0.0, 15.0], [1.0, 0.0, 19.0, 0.0, 47.0], [0.0, 0.0, 46.0, 0.0, 611.0]], "acc": 0.8236040609137056, "max_dev": 0.20000000298023224, "mean_dev": 0.0532943494617939}