{"cm": [[0.0, 0.0, 1.0, 0.0, 0.0], [2.0, 0.0, 7.0, 0.0, 1.0], [0.0, 0.0, 36.0, 0.0, 17.0], [0.0, 0.0, 22.0, 0.0, 45.0], [0.0, 0.0, 36.0, 0.0, 998.0]], "acc": 0.8875536480686695, "max_dev": 0.10000000149011612, "mean_dev": 0.02667822316288948}