{"cm": [[5.0, 0.0, 0.0, 0.0, 1.0], [10.0, 0.0, 1.0, 2.0, 4.0], [11.0, 0.0, 12.0, 7.0, 34.0], [4.0, 0.0, 19.0, 3.0, 70.0], [0.0, 0.0, 65.0, 41.0, 1123.0]], "acc": 0.8094900849858357, "max_dev": 0.4000000059604645, "mean_dev": 0.107086680829525}