{"cm": [[0.0, 0.0, 1.0, 0.0, 0.0], [0.0, 5.0, 3.0, 2.0, 0.0], [0.0, 4.0, 25.0, 6.0, 18.0], [0.0, 1.0, 14.0, 11.0, 41.0], [0.0, 2.0, 29.0, 42.0, 861.0]], "acc": 0.8469483568075117, "max_dev": 0.20000000298023224, "mean_dev": 0.05352543294429779}