{"cm": [[0.0, 0.0, 1.0, 0.0, 0.0], [2.0, 0.0, 6.0, 0.0, 2.0], [0.0, 0.0, 29.0, 1.0, 23.0], [0.0, 0.0, 10.0, 0.0, 57.0], [0.0, 0.0, 43.0, 1.0, 990.0]], "acc": 0.8746781115879828, "max_dev": 0.4000000059604645, "mean_dev": 0.10680495947599411}