{"cm": [[2.0, 0.0, 3.0, 0.0, 1.0], [2.0, 0.0, 13.0, 0.0, 2.0], [3.0, 0.0, 32.0, 0.0, 29.0], [0.0, 0.0, 23.0, 0.0, 74.0], [0.0, 0.0, 22.0, 0.0, 916.0]], "acc": 0.8467023172905526, "max_dev": 0.10000000149011612, "mean_dev": 0.026588058099150658}