{"cm": [[0.0, 0.0, 1.0, 0.0, 0.0], [2.0, 0.0, 7.0, 0.0, 1.0], [0.0, 0.0, 37.0, 0.0, 16.0], [0.0, 0.0, 22.0, 0.0, 45.0], [0.0, 0.0, 39.0, 0.0, 995.0]], "acc": 0.8858369098712446, "max_dev": 0.20000000298023224, "mean_dev": 0.053404856473207474}