{"cm": [[3.0, 2.0, 0.0, 0.0, 1.0], [1.0, 5.0, 7.0, 0.0, 4.0], [1.0, 7.0, 28.0, 1.0, 27.0], [0.0, 1.0, 34.0, 0.0, 61.0], [0.0, 0.0, 53.0, 2.0, 1274.0]], "acc": 0.8664021164021164, "max_dev": 0.5, "mean_dev": 0.13308684527873993}