{"cm": [[3.0, 2.0, 0.0, 0.0, 1.0], [1.0, 5.0, 9.0, 0.0, 2.0], [0.0, 8.0, 33.0, 0.0, 23.0], [0.0, 1.0, 33.0, 0.0, 62.0], [0.0, 0.0, 39.0, 0.0, 1290.0]], "acc": 0.8802910052910053, "max_dev": 0.10000000149011612, "mean_dev": 0.026701558381319046}