{"cm": [[3.0, 0.0, 2.0, 0.0, 1.0], [7.0, 0.0, 6.0, 1.0, 3.0], [5.0, 0.0, 27.0, 10.0, 22.0], [2.0, 0.0, 20.0, 5.0, 69.0], [0.0, 0.0, 14.0, 66.0, 1149.0]], "acc": 0.8385269121813032, "max_dev": 0.4000000059604645, "mean_dev": 0.10656648874282837}