{"cm": [[0.0, 0.0, 1.0, 0.0, 0.0], [2.0, 0.0, 7.0, 0.0, 1.0], [0.0, 0.0, 35.0, 0.0, 18.0], [0.0, 0.0, 20.0, 0.0, 47.0], [0.0, 0.0, 51.0, 0.0, 983.0]], "acc": 0.8738197424892704, "max_dev": 0.4000000059604645, "mean_dev": 0.10688504576683044}