{"cm": [[0.0, 0.0, 1.0, 0.0, 0.0], [1.0, 0.0, 8.0, 0.0, 1.0], [0.0, 0.0, 41.0, 0.0, 12.0], [0.0, 0.0, 16.0, 0.0, 51.0], [0.0, 0.0, 96.0, 0.0, 561.0]], "acc": 0.7639593908629442, "max_dev": 0.4000000059604645, "mean_dev": 0.10654088109731674}