{"cm": [[0.0, 0.0, 0.0, 1.0, 0.0], [1.0, 0.0, 7.0, 0.0, 2.0], [3.0, 4.0, 8.0, 11.0, 27.0], [0.0, 2.0, 2.0, 7.0, 56.0], [0.0, 1.0, 20.0, 27.0, 886.0]], "acc": 0.8460093896713615, "max_dev": 0.4000000059604645, "mean_dev": 0.10750587284564972}