{"cm": [[0.0, 0.0, 1.0, 0.0, 0.0], [2.0, 0.0, 6.0, 0.0, 2.0], [0.0, 0.0, 28.0, 1.0, 24.0], [0.0, 0.0, 15.0, 0.0, 52.0], [0.0, 0.0, 29.0, 1.0, 1004.0]], "acc": 0.8858369098712446, "max_dev": 0.20000000298023224, "mean_dev": 0.053389787673950195}